property_id,property_url,address,street_name,city,state,postcode,latitude,longitude,price,bedroom_number,bathroom_number,price_per_unit,living_space,land_space,land_space_unit,land_space_sqft,property_type,property_status,RunDate,agency_name,is_owned_by_zillow
48604341,https://www.zillow.com/homedetails/12000-SW-Rose-Vista-Dr-Tigard-OR-97223/48604341_zpid/,"12000 SW Rose Vista Dr, Tigard, OR 97223",SW Rose Vista Dr,Tigard,OR,97223,45.41956,-122.80139,550000.0,4.0,2.0,320.88681446907816,1714.0,0.37,acres,16117.199999999999,Single_Family,PENDING,2022-04-24,John L. Scott/Woodstock,0
27669556,https://www.zillow.com/homedetails/1110-Fm-518-Rd-Kemah-TX-77565/27669556_zpid/,"1110 Fm 518 Rd, Kemah, TX 77565",Fm 518 Rd,Kemah,TX,77565,29.53086,-95.030975,550000.0,0.0,0.0,13.235076128157889,0.0,0.954,acres,41556.24,Lot,FOR_SALE,2022-04-24,Barr and Assoc Real Estate LLC,0
2064122098,https://www.zillow.com/homedetails/2910-W-34th-Ave-Denver-CO-80211/2064122098_zpid/,"2910 W 34th Avenue, Denver, CO 80211",W 34th Avenue,Denver,CO,80211,39.764404,-105.0238,419990.0,1.0,1.0,785.0280373831775,535.0,1042.0,sqft,1042.0,Townhouse,FOR_SALE,2022-04-24,Erwin,0
150224227,https://www.zillow.com/homedetails/1923-N-Campbell-Ave-Springfield-MO-65803/150224227_zpid/,"1923 N Campbell Ave, Springfield, MO 65803",N Campbell Ave,Springfield,MO,65803,37.232918,-93.29383,79000.0,4.0,2.0,37.40530303030303,2112.0,4356.0,sqft,4356.0,Single_Family,FOR_SALE,2022-04-24,Coldwell Banker Lewis & Associates,0
8324113,https://www.zillow.com/homedetails/2538-Pebble-Beach-Loop-Lake-Havasu-City-AZ-86406/8324113_zpid/,"2538 Pebble Beach Loop, Lake Havasu City, AZ 86406",Pebble Beach Loop,Lake Havasu City,AZ,86406,34.4657,-114.30737,486000.0,3.0,2.0,254.3171114599686,1911.0,2222.0,sqft,2222.0,Townhouse,PENDING,2022-04-24,Realty ONE Group Mountain Desert-LH,0
229876155,https://www.zillow.com/homedetails/9536-S-Lost-Horizon-Ct-Hanover-IL-61041/229876155_zpid/,"9536 S Lost Horizon Ct, Hanover, IL 61041",S Lost Horizon Ct,Hanover,IL,61041,42.227764,-90.24205,30000.0,0.0,0.0,0.2049717958808868,0.0,3.36,acres,146361.6,Lot,FOR_SALE,2022-04-24,LandGuys LLC of Illinois,0
13595632,https://www.zillow.com/homedetails/2744-Hearthwood-Ln-Colorado-Springs-CO-80917/13595632_zpid/,"2744 Hearthwood Ln, Colorado Springs, CO 80917",Hearthwood Ln,Colorado Springs,CO,80917,38.87295,-104.756546,249900.0,2.0,1.0,277.35849056603774,901.0,916.0,sqft,916.0,Townhouse,FOR_SALE,2022-04-24,Walston Group Real Estate Inc,0
7542717,https://www.zillow.com/homedetails/2628-N-31st-St-Phoenix-AZ-85008/7542717_zpid/,"2628 N 31st St, Phoenix, AZ 85008",N 31st St,Phoenix,AZ,85008,33.477814,-112.01539,675000.0,4.0,4.0,243.33093006488824,2774.0,5881.0,sqft,5881.0,Single_Family,PENDING,2022-04-24,Russ Lyon Sotheby's International Realty,0
68288134,https://www.zillow.com/homedetails/7112-S-193rd-St-Gretna-NE-68028/68288134_zpid/,"7112 S 193rd St, Gretna, NE 68028",S 193rd St,Gretna,NE,68028,41.188362,-96.21687,510000.0,5.0,3.0,158.23766677009,3223.0,0.25,acres,10890.0,Single_Family,PENDING,2022-04-24,Platinum Realty LLC,0
2072307406,https://www.zillow.com/homedetails/Lbr-13-Buffalo-Ridge-Rd-Stephenville-TX-76401/2072307406_zpid/,"Lbr 13 Buffalo Ridge Rd, Stephenville, TX 76401",Lbr 13 Buffalo Ridge Rd,Stephenville,TX,76401,32.225862,-98.217945,281405.0,0.0,0.0,0.26400367309458217,0.0,24.47,acres,1065913.2,Lot,FOR_SALE,2022-04-24,Unknown,0
2065772583,https://www.zillow.com/homedetails/1039-Estancia-Blvd-Weatherford-TX-76088/2065772583_zpid/,"1039 Estancia Blvd, Weatherford, TX 76088",Estancia Blvd,Weatherford,TX,76088,32.82623,-97.84026,125000.0,0.0,0.0,2.7672180736088867,0.0,1.037,acres,45171.719999999994,Lot,FOR_SALE,2022-04-24,Unknown,0
19801192,https://www.zillow.com/homedetails/1649-Aldrich-Way-San-Jose-CA-95121/19801192_zpid/,"1649 Aldrich Way, San Jose, CA 95121",Aldrich Way,San Jose,CA,95121,37.314392,-121.819725,999888.0,4.0,2.0,762.109756097561,1312.0,6198.588,sqft,6198.588,Single_Family,FOR_SALE,2022-04-24,Unknown,0
241607629,https://www.zillow.com/homedetails/478-Prosperity-Dr-San-Marcos-CA-92069/241607629_zpid/,"478 Prosperity Dr, San Marcos, CA 92069",Prosperity Dr,San Marcos,CA,92069,33.148106,-117.15073,759000.0,3.0,3.0,410.0486223662885,1851.0,6.7144,acres,292479.264,Single_Family,PENDING,2022-04-24,Unknown,0
2066484281,https://www.zillow.com/homedetails/PARCEL-5-Highway-442-Albany-LA-70711/2066484281_zpid/,"PARCEL 5 Highway 442, Albany, LA 70711",PARCEL 5 Highway 442,Albany,LA,70711,30.574871,-90.588936,54500.0,0.0,0.0,0.573921028466483,0.0,2.18,acres,94960.8,Lot,FOR_SALE,2022-04-24,LATTER & BLUM,0
2065676022,https://www.zillow.com/homedetails/0-Wood-Rd-Idaho-Springs-CO-80452/2065676022_zpid/,"000 Wood Road, Idaho Springs, CO 80452",Wood Road,Idaho Springs,CO,80452,39.691757,-105.48484,49900.0,0.0,0.0,2.6640613321374422,0.0,0.43,acres,18730.8,Lot,PENDING,2022-04-24,Keller Williams Preferred Realty,0
2069555822,https://www.zillow.com/homedetails/0-Highway-263-Onia-AR-72663/2069555822_zpid/,"0 Highway 263, Onia, AR 72663",Highway 263,Onia,AR,72663,35.928446,-92.310462,1000000.0,0.0,0.0,0.1147842056932966,0.0,200.0,acres,8712000.0,Lot,FOR_SALE,2022-04-24,Re/Max Edge Realty,0
2064201316,https://www.zillow.com/homedetails/26-69-W-Us-Highway-84-Evant-TX-76525/2064201316_zpid/,"26.69 W Us Highway 84, Evant, TX 76525",69 W Us Highway 84,Evant,TX,76525,31.482044,-98.16711,350000.0,0.0,0.0,0.30104512546012596,0.0,26.69,acres,1162616.4000000001,Lot,FOR_SALE,2022-04-24,Unknown,0
7238463,https://www.zillow.com/homedetails/1362-Winding-Way-Glenbrook-NV-89413/7238463_zpid/,"1362 Winding Way, Glenbrook, NV 89413",Winding Way,Glenbrook,NV,89413,39.044315,-119.94177,3950000.0,5.0,5.0,794.7686116700202,4970.0,0.44,acres,19166.4,Single_Family,FOR_SALE,2022-04-24,Coldwell Banker Select RE ZC,0
2076431226,https://www.zillow.com/homedetails/1620-Rosetree-Ln-Carrollton-TX-75006/2076431226_zpid/,"1620 Rosetree Ln, Carrollton, TX 75006",Rosetree Ln,Carrollton,TX,75006,32.970387,-96.87990500000001,375000.0,0.0,0.0,34.43526170798898,0.0,0.25,acres,10890.0,Lot,FOR_SALE,2022-04-24,Unknown,0
6794802,https://www.zillow.com/homedetails/1401-Wagon-Train-Dr-SE-Albuquerque-NM-87123/6794802_zpid/,"1401 Wagon Train Dr SE, Albuquerque, NM 87123",Wagon Train Dr SE,Albuquerque,NM,87123,35.043816,-106.499115,309950.0,3.0,2.0,170.3021978021978,1820.0,3049.2,sqft,3049.2,Condo,FOR_SALE,2022-04-24,Berkshire Hathaway NM Prop,0
2066836682,https://www.zillow.com/homedetails/14038-Kenyte-Row-San-Antonio-TX-78254/2066836682_zpid/,"14038 Kenyte Row, San Antonio, TX 78254",Kenyte Row,San Antonio,TX,78254,29.52474,-98.734314,288500.0,3.0,2.0,187.94788273615634,1535.0,5227.2,sqft,5227.2,Single_Family,PENDING,2022-04-24,Keller Williams Heritage,0
21023831,https://www.zillow.com/homedetails/2530-Santa-Ana-St-Walnut-Park-CA-90255/21023831_zpid/,"2530 Santa Ana St, Walnut Park, CA 90255",Santa Ana St,Walnut Park,CA,90255,33.965034,-118.22684,575000.0,2.0,1.0,614.3162393162393,936.0,4777.0,sqft,4777.0,Single_Family,PENDING,2022-04-24,Segovia Real Estate Group,0
21319607,https://www.zillow.com/homedetails/119-S-Juanita-Ave-A-Redondo-Beach-CA-90277/21319607_zpid/,"119 S Juanita Ave #A, Redondo Beach, CA 90277",S Juanita Ave #A,Redondo Beach,CA,90277,33.84127,-118.37927,1550000.0,3.0,3.0,769.9950322901143,2013.0,6376.0,sqft,6376.0,Townhouse,FOR_SALE,2022-04-24,RE/MAX Estate Properties,0
2064234181,https://www.zillow.com/homedetails/2-Queensferry-Dr-Bella-Vista-AR-72715/2064234181_zpid/,"2 Queensferry Dr, Bella Vista, AR 72715",Queensferry Dr,Bella Vista,AR,72715,36.45033,-94.312645,12500.0,0.0,0.0,1.195668809305173,0.0,10454.4,sqft,10454.4,Lot,FOR_SALE,2022-04-24,Lindsey & Assoc Inc Branch,0
84579500,https://www.zillow.com/homedetails/1317-Cascade-Ave-Hood-River-OR-97031/84579500_zpid/,"1317 Cascade Ave, Hood River, OR 97031",Cascade Ave,Hood River,OR,97031,45.709095,-121.525635,435000.0,1.0,1.0,597.5274725274726,728.0,5662.8,sqft,5662.8,Single_Family,PENDING,2022-04-24,Copper West Real Estate,0
2065549805,https://www.zillow.com/homedetails/519-Cresswell-Dr-Fayetteville-AR-72704/2065549805_zpid/,"519 Cresswell Dr, Fayetteville, AR 72704",Cresswell Dr,Fayetteville,AR,72704,36.09556,-94.218335,278000.0,3.0,2.0,205.01474926253687,1356.0,6534.0,sqft,6534.0,Single_Family,FOR_SALE,2022-04-24,Lindsey & Associates Inc,0
21915038,https://www.zillow.com/homedetails/3805-Spring-Hill-Dr-Edmond-OK-73013/21915038_zpid/,"3805 Spring Hill Dr, Edmond, OK 73013",Spring Hill Dr,Edmond,OK,73013,35.61777,-97.451485,340000.0,4.0,3.0,134.38735177865613,2530.0,10528.452,sqft,10528.452,Single_Family,PENDING,2022-04-24,Metro Brokers of Oklahoma,0
2067554313,https://www.zillow.com/homedetails/13551-Smarty-Jones-Dr-Scott-AR-72142/2067554313_zpid/,"13551 Smarty Jones Dr, Scott, AR 72142",Smarty Jones Dr,Scott,AR,72142,34.688503,-92.10884,304000.0,4.0,2.0,137.06041478809738,2218.0,1.34,acres,58370.4,Single_Family,FOR_SALE,2022-04-24,Century 21 Prestige Realty Branch,0
127129065,https://www.zillow.com/homedetails/7400-W-Rodney-Cir-Wasilla-AK-99623/127129065_zpid/,"7400 W Rodney Cir, Wasilla, AK 99623",W Rodney Cir,Wasilla,AK,99623,61.54928,-149.63681,319900.0,3.0,2.0,213.26666666666668,1500.0,1.0,acres,43560.0,Single_Family,PENDING,2022-04-24,Elite Real Estate Group Wasilla,0
5541169,https://www.zillow.com/homedetails/3310-Summerdale-Ave-Rockford-IL-61101/5541169_zpid/,"3310 Summerdale Ave, Rockford, IL 61101",Summerdale Ave,Rockford,IL,61101,42.2985,-89.10998,70000.0,3.0,1.0,72.38883143743537,967.0,6534.0,sqft,6534.0,Single_Family,PENDING,2022-04-24,Unknown,0
48205425,https://www.zillow.com/homedetails/2888-Newton-Pl-Philomath-OR-97370/48205425_zpid/,"2888 Newton Pl, Philomath, OR 97370",Newton Pl,Philomath,OR,97370,44.541836,-123.34334,219900.0,2.0,1.0,298.7771739130435,736.0,871.2,sqft,871.2,Condo,FOR_SALE,2022-04-24,HOMESMART REALTY GROUP - CORVALLIS,0
75605334,https://www.zillow.com/homedetails/12607-W-101st-St-Lenexa-KS-66215/75605334_zpid/,"12607 W 101st St, Lenexa, KS 66215",W 101st St,Lenexa,KS,66215,38.94505,-94.73181,299950.0,3.0,2.0,162.22282314764738,1849.0,8759.0,sqft,8759.0,Single_Family,PENDING,2022-04-24,Berkshire HathawayHS KC Realty,0
123226135,https://www.zillow.com/homedetails/2121-McIlhenny-St-Houston-TX-77004/123226135_zpid/,"2121 McIlhenny St, Houston, TX 77004",McIlhenny St,Houston,TX,77004,29.74071,-95.36309,399900.0,3.0,4.0,197.57905138339922,2024.0,1650.924,sqft,1650.924,Single_Family,PENDING,2022-04-24,Intero Real Estate Services,0
86088645,https://www.zillow.com/homedetails/301-Ne-G-Miami-OK-74354/86088645_zpid/,"301 Ne #G, Miami, OK 74354",Ne #G,Miami,OK,74354,36.875645,-94.8761,89000.0,3.0,2.0,74.16666666666667,1200.0,6098.4,sqft,6098.4,Single_Family,FOR_SALE,2022-04-24,"Grand View Realty,Inc.",0
63366852,https://www.zillow.com/homedetails/10351-W-Girton-Dr-UNIT-203-Lakewood-CO-80227/63366852_zpid/,"10351 W Girton Drive  Unit 203, Lakewood, CO 80227",W Girton Drive  Unit 203,Lakewood,CO,80227,39.65451,-105.11375,399000.0,2.0,2.0,306.4516129032258,1302.0,1302.0,sqft,1302.0,Condo,PENDING,2022-04-24,Redfin Corporation,0
76949795,https://www.zillow.com/homedetails/499-N-Poplar-St-Manteno-IL-60950/76949795_zpid/,"499 N Poplar St, Manteno, IL 60950",N Poplar St,Manteno,IL,60950,41.25654,-87.84336,310000.0,3.0,3.0,174.1573033707865,1780.0,0.3466,acres,15097.896,Single_Family,FOR_SALE,2022-04-24,LaMore Realty,0
90960072,https://www.zillow.com/homedetails/2410-Gale-Pl-El-Dorado-AR-71730/90960072_zpid/,"2410 Gale Pl, El Dorado, AR 71730",Gale Pl,El Dorado,AR,71730,33.235134,-92.67841,229900.0,3.0,2.0,89.83978116451739,2559.0,0.367,acres,15986.52,Single_Family,FOR_SALE,2022-04-24,Unknown,0
2067635062,https://www.zillow.com/community/marbella-ranch-horizon/2067635062_zpid/,"Sage Plan 4022 Plan, Marbella Ranch : Horizon","Sage Plan 4022 Plan, Marbella Ranch : Horizon",Glendale,AZ,85307,33.5374,-112.3255,467990.0,4.0,3.0,205.80035180299032,2274.0,8193.5,sqft,8193.5,Single_Family,FOR_SALE,2022-04-24,Unknown,0
110452971,https://www.zillow.com/homedetails/858-Indian-Hills-Dr-Moscow-ID-83843/110452971_zpid/,"858 Indian Hills Dr, Moscow, ID 83843",Indian Hills Dr,Moscow,ID,83843,46.717552,-116.98983,515000.0,6.0,3.0,166.5588615782665,3092.0,1001.88,sqft,1001.88,Single_Family,PENDING,2022-04-24,Coldwell Banker Tomlinson Associates - Moscow,0
145635219,https://www.zillow.com/homedetails/31880-Calle-Luz-Temecula-CA-92592/145635219_zpid/,"31880 Calle Luz, Temecula, CA 92592",Calle Luz,Temecula,CA,92592,33.485657,-117.09694,595000.0,3.0,3.0,360.82474226804123,1649.0,436.0,sqft,436.0,Condo,FOR_SALE,2022-04-24,NEXT LEVEL REALTY,0
22237681,https://www.zillow.com/homedetails/9309-E-48th-St-S-Tulsa-OK-74145/22237681_zpid/,"9309 E 48th St S, Tulsa, OK 74145",E 48th St S,Tulsa,OK,74145,36.094227,-95.87157,150000.0,3.0,2.0,157.56302521008402,952.0,8537.76,sqft,8537.76,Single_Family,PENDING,2022-04-24,"McGraw, REALTORS",0
2067682739,https://www.zillow.com/homedetails/1262-Fleetwood-Ave-SW-37-Ocean-Shores-WA-98569/2067682739_zpid/,"1262 Fleetwood Avenue SW  Lot 37, Ocean Shores, WA 98569",Fleetwood Avenue SW  Lot 37,Ocean Shores,WA,98569,46.938133,-124.17058,89000.0,0.0,0.0,9.320980206846166,0.0,9548.352,sqft,9548.352,Lot,FOR_SALE,2022-04-24,Unknown,0
89519920,https://www.zillow.com/homedetails/223-Arendes-Dr-New-Braunfels-TX-78132/89519920_zpid/,"223 Arendes Dr, New Braunfels, TX 78132",Arendes Dr,New Braunfels,TX,78132,29.728106,-98.18576,568000.0,4.0,2.0,239.35946059839864,2373.0,0.344,acres,14984.64,Single_Family,PENDING,2022-04-24,Reliance Residential Realty -,0
19645577,https://www.zillow.com/homedetails/6073-Elmbridge-Dr-San-Jose-CA-95129/19645577_zpid/,"6073 Elmbridge Dr, San Jose, CA 95129",Elmbridge Dr,San Jose,CA,95129,37.3085,-122.01008,1688000.0,3.0,3.0,1101.8276762402088,1532.0,1742.4,sqft,1742.4,Townhouse,PENDING,2022-04-24,Unknown,0
26447591,https://www.zillow.com/homedetails/7314-Hardesty-San-Antonio-TX-78250/26447591_zpid/,"7314 Hardesty, San Antonio, TX 78250",Hardesty,San Antonio,TX,78250,29.507137,-98.686066,219500.0,3.0,2.0,184.76430976430976,1188.0,4486.68,sqft,4486.68,Single_Family,FOR_SALE,2022-04-24,"Fellowship Real Estate, LLC",0
54788096,https://www.zillow.com/homedetails/105-Cambria-Way-Santa-Rosa-CA-95403/54788096_zpid/,"105 Cambria Way, Santa Rosa, CA 95403",Cambria Way,Santa Rosa,CA,95403,38.501858,-122.75419,789000.0,3.0,2.0,389.6296296296296,2025.0,9470.0,sqft,9470.0,Single_Family,PENDING,2022-04-24,Keller Williams Realty,0
27953396,https://www.zillow.com/homedetails/2108-Garvey-Dr-Pasadena-TX-77506/27953396_zpid/,"2108 Garvey Dr, Pasadena, TX 77506",Garvey Dr,Pasadena,TX,77506,29.708668,-95.18534,293000.0,3.0,2.0,191.87950229207595,1527.0,6159.384,sqft,6159.384,Single_Family,FOR_SALE,2022-04-24,"AM Real Estate Group, LLC",0
65438789,https://www.zillow.com/homedetails/19777-N-76th-St-APT-1326-Scottsdale-AZ-85255/65438789_zpid/,"19777 N 76th St APT 1326, Scottsdale, AZ 85255",N 76th St APT 1326,Scottsdale,AZ,85255,33.666855,-111.91524,549900.0,3.0,3.0,379.7651933701657,1448.0,700.0,sqft,700.0,Townhouse,PENDING,2022-04-24,Desert Dimensions Properties,0
87349326,https://www.zillow.com/homedetails/319-N-Olive-St-Grapeland-TX-75844/87349326_zpid/,"319 N Olive St, Grapeland, TX 75844",N Olive St,Grapeland,TX,75844,31.492708,-95.48403,210000.0,4.0,4.0,87.64607679465776,2396.0,0.315,acres,13721.4,Single_Family,FOR_SALE,2022-04-24,Unknown,0
67650097,https://www.zillow.com/homedetails/801-Dr-Martin-Luther-King-Jr-Blvd-Waxahachie-TX-75165/67650097_zpid/,"801 Dr Martin Luther King Jr Blvd, Waxahachie, TX 75165",Dr Martin Luther King Jr Blvd,Waxahachie,TX,75165,32.381935,-96.838234,159000.0,2.0,1.0,158.68263473053892,1002.0,5880.6,sqft,5880.6,Single_Family,FOR_SALE,2022-04-24,Unknown,0
2064213821,https://www.zillow.com/homedetails/LOT-8-County-Road-346-Fulton-MO-65251/2064213821_zpid/,"LOT 8 County Road 346, Fulton, MO 65251",LOT 8 County Road 346,Fulton,MO,65251,38.856133,-92.14699,99900.0,0.0,0.0,0.5272157309774865,0.0,4.35,acres,189485.99999999997,Lot,FOR_SALE,2022-04-24,"Weichert, Realtors - First Tier",0
2088752884,https://www.zillow.com/homedetails/3020-Pine-Island-Levee-Rd-Beaumont-TX-77713/2088752884_zpid/,"3020 Pine Island Levee Rd, Beaumont, TX 77713",Pine Island Levee Rd,Beaumont,TX,77713,30.04571,-94.26956,69500.0,0.0,0.0,1.2562995741234824,0.0,1.27,acres,55321.200000000004,Lot,FOR_SALE,2022-04-24,RE/MAX ONE -- 9000010,0
61895511,https://www.zillow.com/homedetails/499-Mystic-Pkwy-Spring-Branch-TX-78070/61895511_zpid/,"499 Mystic Pkwy, Spring Branch, TX 78070",Mystic Pkwy,Spring Branch,TX,78070,29.933315,-98.32139,899900.0,3.0,4.0,235.6993190151912,3818.0,2.4,acres,104544.0,Single_Family,FOR_SALE,2022-04-24,"RE/MAX Preferred, REALTORS",0
80480022,https://www.zillow.com/homedetails/198-Dearborn-Ave-N-Keizer-OR-97303/80480022_zpid/,"198 Dearborn Ave N, Keizer, OR 97303",Dearborn Ave N,Keizer,OR,97303,44.99323,-123.027534,349900.0,3.0,2.0,190.05975013579575,1841.0,0.25,acres,10890.0,Single_Family,FOR_SALE,2022-04-24,RE/MAX INTEGRITY - SALEM BRANCH,0
25769172,https://www.zillow.com/homedetails/33852-Del-Obispo-St-UNIT-49-Dana-Point-CA-92629/25769172_zpid/,"33852 Del Obispo St UNIT 49, Dana Point, CA 92629",Del Obispo St UNIT 49,Dana Point,CA,92629,33.471478,-117.68267,545000.0,1.0,1.0,838.4615384615385,650.0,11356.091999999999,sqft,11356.091999999999,Condo,PENDING,2022-04-24,Berkshire Hathaway HomeServices,0
2089254926,https://www.zillow.com/homedetails/925-W-Margate-Ter-G-Chicago-IL-60640/2089254926_zpid/,"925 W Margate Ter #G, Chicago, IL 60640",W Margate Ter #G,Chicago,IL,60640,41.97282,-87.657652,440900.0,3.0,2.0,314.92857142857144,1400.0,6111.2,sqft,6111.2,Condo,FOR_SALE,2022-04-24,Coldwell Banker Realty,0
96559660,https://www.zillow.com/homedetails/10856-Bourbon-St-Willis-TX-77318/96559660_zpid/,"10856 Bourbon St, Willis, TX 77318",Bourbon St,Willis,TX,77318,30.394667,-95.55449,129700.0,0.0,0.0,7.381017093912033,0.0,0.4034,acres,17572.104,Lot,PENDING,2022-04-24,RE/MAX Signature,0
2067453526,https://www.zillow.com/homedetails/La-Vista-Grande-Sandia-Park-NM-87047/2067453526_zpid/,"La Vista Grande, Sandia Park, NM 87047",La Vista Grande,Sandia Park,NM,87047,35.22556,-106.360535,197000.0,0.0,0.0,0.18672575162328184,0.0,24.22,acres,1055023.2,Lot,FOR_SALE,2022-04-24,Berkshire Hathaway NM Prop,0
2079373999,https://www.zillow.com/community/reserves-at-inspirada/2079373999_zpid/,"Plan 1589 Modeled Plan, Reserves at Inspirada","Plan 1589 Modeled Plan, Reserves at Inspirada",Henderson,NV,89044,35.936405,-115.14009,491990.0,3.0,2.0,309.6224040276904,1589.0,6970.0,sqft,6970.0,Single_Family,FOR_SALE,2022-04-24,Unknown,0
2066050389,https://www.zillow.com/community/avalon/2066050389_zpid/,"2500-2S Series Plan, Avalon","2S Series Plan, Avalon",Pea Ridge,AR,72751,36.44934,-94.141,450000.0,3.0,2.0,174.55391776570985,2578.0,20037.600000000002,sqft,20037.600000000002,Single_Family,FOR_SALE,2022-04-24,Unknown,0
2065798440,https://www.zillow.com/homedetails/3569-E-Interstellar-Ct-Boise-ID-83712/2065798440_zpid/,"3569 E Interstellar Ct, Boise, ID 83712",E Interstellar Ct,Boise,ID,83712,43.584072,-116.13851,745000.0,0.0,0.0,61.08159517250426,0.0,0.28,acres,12196.800000000001,Lot,FOR_SALE,2022-04-24,O2 Real Estate Group,0
84549836,https://www.zillow.com/homedetails/445-E-Jennie-Ave-UNIT-47-Hermiston-OR-97838/84549836_zpid/,"445 E Jennie Ave UNIT 47, Hermiston, OR 97838",E Jennie Ave UNIT 47,Hermiston,OR,97838,45.846825,-119.28363,129900.0,2.0,2.0,120.94972067039106,1074.0,2.0,acres,87120.0,Manufactured,FOR_SALE,2022-04-24,Unknown,0
2066628302,https://www.zillow.com/homedetails/871-Country-Club-Rd-5A-El-Paso-TX-79932/2066628302_zpid/,"871 Country Club Rd #5A, El Paso, TX 79932",Country Club Rd #5A,El Paso,TX,79932,31.846025,-106.60471,486888.0,4.0,5.0,184.98784194528875,2632.0,8463.82,sqft,8463.82,Multi_Family,FOR_SALE,2022-04-24,ERA Sellers & Buyers Real Esta,0
2064733629,https://www.zillow.com/homedetails/5731-Pin-Poin-San-Antonio-TX-78266/2064733629_zpid/,"5731 Pin Poin, San Antonio, TX 78266",Pin Poin,San Antonio,TX,78266,29.63593,-98.37938,435000.0,5.0,3.0,164.08902301018483,2651.0,8319.96,sqft,8319.96,Single_Family,PENDING,2022-04-24,"JB Goodwin, REALTORS",0
116379950,https://www.zillow.com/homedetails/240-N-Alder-St-Colville-WA-99114/116379950_zpid/,"240 N Alder St, Colville, WA 99114",N Alder St,Colville,WA,99114,48.545986,-117.89387,335000.0,3.0,2.0,156.6152407667134,2139.0,9148.0,sqft,9148.0,Single_Family,PENDING,2022-04-24,"C-21 Kelly Davis, Inc.",0
2069332666,https://www.zillow.com/community/dove-chase/2069332666_zpid/,"Primrose FE V Plan, Dove Chase","Primrose FE V Plan, Dove Chase",Mansfield,TX,76063,32.541634,-97.115555,646990.0,5.0,4.0,173.31636753281543,3733.0,8450.64,sqft,8450.64,Single_Family,FOR_SALE,2022-04-24,Unknown,0
2069304060,https://www.zillow.com/homedetails/3490-Sweigert-Rd-San-Jose-CA-95132/2069304060_zpid/,"3490 Sweigert Rd, San Jose, CA 95132",Sweigert Rd,San Jose,CA,95132,37.411255,-121.84633,6800000.0,0.0,0.0,5.240672085367465,0.0,29.7875,acres,1297543.5,Lot,FOR_SALE,2022-04-24,Unknown,0
2083101468,https://www.zillow.com/community/cresthaven-acres/2083101468_zpid/,"Timber Plan, Cresthaven Acres","Timber Plan, Cresthaven Acres",Palisade,CO,81526,39.103832,-108.36497,594000.0,4.0,3.0,250.0,2376.0,8501.0,sqft,8501.0,Single_Family,FOR_SALE,2022-04-24,Unknown,0
95090666,https://www.zillow.com/homedetails/15809-E-Palisades-Blvd-Fountain-Hills-AZ-85268/95090666_zpid/,"15809 E Palisades Blvd, Fountain Hills, AZ 85268",E Palisades Blvd,Fountain Hills,AZ,85268,33.61145,-111.73929,1021500.0,4.0,3.0,300.0,3405.0,0.286,acres,12458.16,Single_Family,FOR_SALE,2022-04-24,Arizona Elite Properties,0
25363441,https://www.zillow.com/homedetails/1415-La-Serena-Dr-Brea-CA-92821/25363441_zpid/,"1415 La Serena Dr, Brea, CA 92821",La Serena Dr,Brea,CA,92821,33.942596,-117.91885,1000000.0,4.0,3.0,446.82752457551385,2238.0,8925.0,sqft,8925.0,Single_Family,PENDING,2022-04-24,Coldwell Banker Diamond,0
119545873,https://www.zillow.com/homedetails/854-W-Pantani-Ct-Midvale-UT-84047/119545873_zpid/,"854 W Pantani Ct, Midvale, UT 84047",W Pantani Ct,Midvale,UT,84047,40.610867,-111.91478,469000.0,3.0,3.0,314.9764942914708,1489.0,871.2,sqft,871.2,Townhouse,FOR_SALE,2022-04-24,Delveland,0
2079548583,https://www.zillow.com/community/warrior-s-legacy/2079548583_zpid/,"St. Thomas Plan, Warrior's Legacy","St. Thomas Plan, Warrior's Legacy",Nolanville,TX,76559,31.070896,-97.62073,398000.0,4.0,3.0,184.3446039833256,2159.0,8450.64,sqft,8450.64,Single_Family,FOR_SALE,2022-04-24,Unknown,0
79651497,https://www.zillow.com/homedetails/10964-W-Wagon-Pass-St-Boise-ID-83709/79651497_zpid/,"10964 W Wagon Pass St, Boise, ID 83709",W Wagon Pass St,Boise,ID,83709,43.58367,-116.31886,675000.0,4.0,3.0,254.14156626506025,2656.0,10497.96,sqft,10497.96,Single_Family,PENDING,2022-04-24,Windermere Real Estate Professionals,0
79962165,https://www.zillow.com/homedetails/7525-Innisbrook-Ln-Fort-Worth-TX-76179/79962165_zpid/,"7525 Innisbrook Ln, Fort Worth, TX 76179",Innisbrook Ln,Fort Worth,TX,76179,32.872883,-97.41504,375000.0,4.0,2.0,194.1998964267219,1931.0,7187.4,sqft,7187.4,Single_Family,PENDING,2022-04-24,Unknown,0
2076699192,https://www.zillow.com/community/verandah/2076699192_zpid/,"Kisko Plan, Verandah","Kisko Plan, Verandah",Royse City,TX,75189,32.98452,-96.289024,337990.0,4.0,3.0,143.3375742154368,2358.0,8450.64,sqft,8450.64,Single_Family,FOR_SALE,2022-04-24,Unknown,0
70680897,https://www.zillow.com/homedetails/10202-Windy-Trl-Bentonville-AR-72712/70680897_zpid/,"10202 Windy Trl, Bentonville, AR 72712",Windy Trl,Bentonville,AR,72712,36.404377,-94.25377,839750.0,5.0,5.0,191.76752683261017,4379.0,3.0,acres,130680.0,Single_Family,FOR_SALE,2022-04-24,Coldwell Banker Harris McHaney & Faucette-Rogers,0
16181408,https://www.zillow.com/homedetails/4620-Oren-Ave-Corning-CA-96021/16181408_zpid/,"4620 Oren Ave, Corning, CA 96021",Oren Ave,Corning,CA,96021,39.931133,-122.15887,299000.0,3.0,2.0,116.16161616161617,2574.0,2.52,acres,109771.2,Manufactured,FOR_SALE,2022-04-24,Re/Max American Dream Realty,0
122477630,https://www.zillow.com/homedetails/2664-Windmill-Forest-Dr-Imperial-MO-63052/122477630_zpid/,"2664 Windmill Forest Dr, Imperial, MO 63052",Windmill Forest Dr,Imperial,MO,63052,38.382267,-90.41085,339900.0,3.0,3.0,224.06064601186551,1517.0,0.32,acres,13939.2,Single_Family,PENDING,2022-04-24,Realty Executives Five Star,0
15257342,https://www.zillow.com/homedetails/4674-E-Cooper-Rd-Acampo-CA-95220/15257342_zpid/,"4674 E Cooper Rd, Acampo, CA 95220",E Cooper Rd,Acampo,CA,95220,38.175922,-121.259544,458888.0,3.0,1.0,347.9059893858984,1319.0,5663.0,sqft,5663.0,Single_Family,PENDING,2022-04-24,Unknown,0
2067757566,https://www.zillow.com/homedetails/2220-Saur-Ln-New-Braunfels-TX-78130/2067757566_zpid/,"2220 Saur Ln, New Braunfels, TX 78130",Saur Ln,New Braunfels,TX,78130,29.692604,-98.04689,558029.0,4.0,4.0,189.16237288135594,2950.0,7405.2,sqft,7405.2,Single_Family,PENDING,2022-04-24,"David Weekley Homes, Inc.",0
25938962,https://www.zillow.com/homedetails/8932-Bridalsmith-Dr-Sacramento-CA-95829/25938962_zpid/,"8932 Bridalsmith Dr, Sacramento, CA 95829",Bridalsmith Dr,Sacramento,CA,95829,38.462807,-121.37002,498000.0,3.0,2.0,347.76536312849163,1432.0,5502.0,sqft,5502.0,Single_Family,PENDING,2022-04-24,Unknown,0
2077230806,https://www.zillow.com/homedetails/0-Lucerne-Vall-Lucerne-Valley-CA-92356/2077230806_zpid/,"0 Lucerne Vall, Lucerne Valley, CA 92356",Lucerne Vall,Lucerne Valley,CA,92356,34.4609,-116.9167,78408.0,0.0,0.0,0.09,0.0,20.0,acres,871200.0,Lot,FOR_SALE,2022-04-24,Lee & Associates,0
2081972436,https://www.zillow.com/homedetails/1209-E-46th-St-4E-Chicago-IL-60653/2081972436_zpid/,"1209 E 46th St #4E, Chicago, IL 60653",E 46th St #4E,Chicago,IL,60653,41.817463000000004,-87.6119995,445000.0,3.0,2.0,356.0,1250.0,6111.2,sqft,6111.2,Condo,FOR_SALE,2022-04-24,@properties | Christie's International Real Estate,0
115606292,https://www.zillow.com/homedetails/122-N-Walnut-St-Clinton-IL-61727/115606292_zpid/,"122 N Walnut St, Clinton, IL 61727",N Walnut St,Clinton,IL,61727,40.153233,-88.96979,90000.0,3.0,1.0,47.97441364605544,1876.0,6716.952,sqft,6716.952,Single_Family,FOR_SALE,2022-04-24,RE/MAX Choice,0
2064347290,https://www.zillow.com/homedetails/2643-N-State-Route-178-UNIT-B-3-Utica-IL-61373/2064347290_zpid/,"2643 N State Route 178 UNIT B-3, Utica, IL 61373",N State Route 178 UNIT B-3,Utica,IL,61373,41.352238,-89.01758,149900.0,2.0,2.0,83.27777777777777,1800.0,1845.5900000000001,sqft,1845.5900000000001,Townhouse,FOR_SALE,2022-04-24,Better Homes & Gardens Real Estate,0
2067576073,https://www.zillow.com/homedetails/Vic-Eagle-Butte-Starset-Dr-Acton-CA-93510/2067576073_zpid/,"Vic Eagle Butte Starset Dr, Acton, CA 93510",Vic Eagle Butte Starset Dr,Acton,CA,93510,34.49095,-118.18052,125000.0,0.0,0.0,0.07145431131305816,0.0,40.16,acres,1749369.5999999999,Lot,FOR_SALE,2022-04-24,Unknown,0
26863183,https://www.zillow.com/homedetails/3515-Britt-St-Dallas-TX-75236/26863183_zpid/,"3515 Britt St, Dallas, TX 75236",Britt St,Dallas,TX,75236,32.70085,-96.91992,89000.0,0.0,0.0,7.539331591663024,0.0,0.271,acres,11804.76,Lot,FOR_SALE,2022-04-24,Unknown,0
66356913,https://www.zillow.com/homedetails/4184-Sarasota-Dr-Baton-Rouge-LA-70814/66356913_zpid/,"4184 Sarasota Dr, Baton Rouge, LA 70814",Sarasota Dr,Baton Rouge,LA,70814,30.489676,-91.05335,195000.0,3.0,2.0,131.66779203241055,1481.0,8712.0,sqft,8712.0,Single_Family,PENDING,2022-04-24,Tiger Town Realty LLC -- Baton Rouge,0
82502382,https://www.zillow.com/homedetails/2575-Kuhio-Ave-APT-904-Honolulu-HI-96815/82502382_zpid/,"2575 Kuhio Ave APT 904, Honolulu, HI 96815",Kuhio Ave APT 904,Honolulu,HI,96815,21.27234,-157.8207,390000.0,2.0,2.0,439.18918918918916,888.0,0.4021,acres,17515.476,Condo,FOR_SALE,2022-04-24,Corcoran Pacific Properties,0
2065657997,https://www.zillow.com/homedetails/99-Evans-St-Windsor-CO-80550/2065657997_zpid/,"99 Evans St, Severance, CO 80550",Evans St,Windsor,CO,80550,40.5214,-104.86686,470000.0,4.0,3.0,182.5951825951826,2574.0,10454.4,sqft,10454.4,Single_Family,PENDING,2022-04-24,Porchlight RE Group-Boulder,0
177366618,https://www.zillow.com/homedetails/6217-Hanley-Dr-Corpus-Christi-TX-78412/177366618_zpid/,"6217 Hanley Dr, Corpus Christi, TX 78412",Hanley Dr,Corpus Christi,TX,78412,27.70097,-97.36,225000.0,4.0,2.0,129.08777969018934,1743.0,6098.4,sqft,6098.4,Single_Family,PENDING,2022-04-24,K & M Premier Real Estate,0
2067341511,https://www.zillow.com/homedetails/347-Dailey-Ave-UNIT-D3-Anchorage-AK-99515/2067341511_zpid/,"347 Dailey Ave UNIT D3, Anchorage, AK 99515",Dailey Ave UNIT D3,Anchorage,AK,99515,61.11097,-149.87523,210000.0,3.0,2.0,186.17021276595744,1128.0,2953.0,sqft,2953.0,Condo,PENDING,2022-04-24,Realty ONE Group Aurora,0
161438920,https://www.zillow.com/homedetails/20427-Newcastle-Ridge-Ln-Katy-TX-77449/161438920_zpid/,"20427 Newcastle Ridge Ln, Katy, TX 77449",Newcastle Ridge Ln,Katy,TX,77449,29.854385,-95.730644,345000.0,4.0,3.0,149.73958333333334,2304.0,6716.952,sqft,6716.952,Single_Family,PENDING,2022-04-24,Coldwell Banker Realty,0
129523806,https://www.zillow.com/homedetails/707-37th-St-SE-TRAILER-44-Auburn-WA-98002/129523806_zpid/,"707 37th Street SE UNIT 44, Auburn, WA 98002",37th Street SE UNIT 44,Auburn,WA,98002,47.27742,-122.2194,89900.0,2.0,1.0,128.42857142857142,700.0,29185.2,sqft,29185.2,Manufactured,PENDING,2022-04-24,Unknown,0
2086430329,https://www.zillow.com/community/arrowbrooke/2086430329_zpid/,"Magnolia II Plan, ArrowBrooke","Magnolia II Plan, ArrowBrooke",Aubrey,TX,76227,33.241604,-96.89627,636990.0,5.0,3.0,185.71137026239066,3430.0,8450.64,sqft,8450.64,Single_Family,FOR_SALE,2022-04-24,Unknown,0
20633540,https://www.zillow.com/homedetails/501-S-Lorena-St-Los-Angeles-CA-90063/20633540_zpid/,"501 S Lorena St, Los Angeles, CA 90063",S Lorena St,Los Angeles,CA,90063,34.032467,-118.19838,990000.0,6.0,4.0,483.3984375,2048.0,4250.0,sqft,4250.0,Multi_Family,FOR_SALE,2022-04-24,Renuvo Capital,0
52933899,https://www.zillow.com/homedetails/1051-McPherson-Valley-Rd-Mabelvale-AR-72103/52933899_zpid/,"1051 McPherson Valley Rd, Mabelvale, AR 72103",McPherson Valley Rd,Mabelvale,AR,72103,34.5628,-92.39218,60000.0,3.0,2.0,37.59398496240601,1596.0,1.0,acres,43560.0,Manufactured,FOR_SALE,2022-04-24,Century 21 United,0
21963372,https://www.zillow.com/homedetails/6001-Denver-Oklahoma-City-OK-73084/21963372_zpid/,"6001 Denver, Oklahoma City, OK 73084",Denver,Oklahoma City,OK,73084,35.532177,-97.33954,17500.0,0.0,0.0,0.8139074552806688,0.0,0.4936,acres,21501.216,Lot,FOR_SALE,2022-04-24,RE/MAX COBBLESTONE,0
2078372446,https://www.zillow.com/homedetails/12-High-Trails-Dr-Eureka-MO-63025/2078372446_zpid/,"12 High Trails Dr, Eureka, MO 63025",High Trails Dr,Eureka,MO,63025,38.476883,-90.63953,54000.0,0.0,0.0,1.0970525853872597,0.0,1.13,acres,49222.799999999996,Lot,FOR_SALE,2022-04-24,Realty Executives Premiere,0
2077016223,https://www.zillow.com/homedetails/4-Township-Road-4-Fm-2158-Midway-TX-75852/2077016223_zpid/,"4 Township Road 4 Fm #2158, Midway, TX 75852",Township Road 4 Fm #2158,Midway,TX,75852,31.027483500000002,-95.748793,159500.0,3.0,0.0,75.6641366223909,2108.0,10.47,acres,456073.2,Single_Family,PENDING,2022-04-24,DBL Real Estate,0
